{
    "METEOR": 0.18641831149892,
    "BLEURT": 0.3923017398859153,
    "prompt_len": -1,
    "output_len": 43.260628798231984
}