{
    "METEOR": 0.18705901007897377,
    "BLEURT": 0.3926830601831906,
    "prompt_len": -1,
    "output_len": 42.64850955217834
}