{
    "METEOR": 0.18631284436434595,
    "BLEURT": 0.3807081856207693,
    "prompt_len": -1,
    "output_len": 43.45241132742239
}