{
    "METEOR": 0.1821366317477091,
    "BLEURT": 0.39113205544650553,
    "prompt_len": -1,
    "output_len": 43.582269938650306
}