{
    "METEOR": 0.1772086149027883,
    "BLEURT": 0.38942954078225267,
    "prompt_len": -1,
    "output_len": 40.595337423312884
}