{
    "METEOR": 0.1510070037075512,
    "BLEURT": 0.34653537137696716,
    "prompt_len": -1,
    "output_len": 34.73276073619632
}