{
    "METEOR": 0.18746538844113983,
    "BLEURT": 0.3805344190278735,
    "prompt_len": -1,
    "output_len": 43.56849222736809
}