{
    "METEOR": 0.1842180839459601,
    "BLEURT": 0.3849174253633417,
    "prompt_len": -1,
    "output_len": 46.912699386503064
}