{
    "METEOR": 0.17377642209996486,
    "BLEURT": 0.38592987946717233,
    "prompt_len": -1,
    "output_len": 39.751689119881185
}