{
    "METEOR": 0.18475656063447862,
    "BLEURT": 0.39242917201773153,
    "prompt_len": -1,
    "output_len": 42.32631901840491
}