{
    "METEOR": 0.19355896512246054,
    "BLEURT": 0.3926039824301114,
    "prompt_len": -1,
    "output_len": 50.68926380368098
}