{
    "METEOR": 0.1843960916674132,
    "BLEURT": 0.39229251226764517,
    "prompt_len": -1,
    "output_len": 43.40920245398773
}