{
    "METEOR": 0.18837373760846018,
    "BLEURT": 0.3938818497087327,
    "prompt_len": -1,
    "output_len": 45.069509202453986
}