{
    "METEOR": 0.18995396704909123,
    "BLEURT": 0.39430564938650176,
    "prompt_len": -1,
    "output_len": 44.37337423312883
}