{
    "METEOR": 0.18857241422594057,
    "BLEURT": 0.38786680120997635,
    "prompt_len": -1,
    "output_len": 46.91779141104294
}