{
    "METEOR": 0.1786233744138472,
    "BLEURT": 0.3900216767658119,
    "prompt_len": -1,
    "output_len": 42.56662576687116
}