{
    "METEOR": 0.19180857996475525,
    "BLEURT": 0.391382591302958,
    "prompt_len": -1,
    "output_len": 48.17957055214723
}