{
    "METEOR": 0.18457206090004064,
    "BLEURT": 0.39266769118927003,
    "prompt_len": -1,
    "output_len": 43.82613496932515
}