{
    "METEOR": 0.17973502062664762,
    "BLEURT": 0.3899556147764249,
    "prompt_len": -1,
    "output_len": 41.66625766871166
}