{
    "METEOR": 0.18670055160483515,
    "BLEURT": 0.38349478402889214,
    "prompt_len": -1,
    "output_len": 49.52092024539877
}