{
    "METEOR": 0.17466851612801904,
    "BLEURT": 0.3871860402374545,
    "prompt_len": -1,
    "output_len": 39.83938650306749
}