{
    "METEOR": 0.19079357342359007,
    "BLEURT": 0.39489162117717985,
    "prompt_len": -1,
    "output_len": 45.53596096505781
}