{
    "METEOR": 0.18468323314892135,
    "BLEURT": 0.39250467404900463,
    "prompt_len": -1,
    "output_len": 43.897116096530965
}