{
    "METEOR": 0.1613038280837954,
    "BLEURT": 0.3789321725063213,
    "prompt_len": -1,
    "output_len": 35.39045420160489
}