{
    "METEOR": 0.1838839888059598,
    "BLEURT": 0.3908022415477988,
    "prompt_len": -1,
    "output_len": 44.45288343558282
}