{
    "METEOR": 0.19015352200949212,
    "BLEURT": 0.3937966337633854,
    "prompt_len": -1,
    "output_len": 45.90124926583183
}