{
    "METEOR": 0.15047258052327142,
    "BLEURT": 0.34652084932188315,
    "prompt_len": -1,
    "output_len": 34.59779141104295
}