{
    "METEOR": 0.18936108191062082,
    "BLEURT": 0.38337679202525526,
    "prompt_len": -1,
    "output_len": 52.60539877300614
}