{
    "METEOR": 0.18036282012939336,
    "BLEURT": 0.3836392540123565,
    "prompt_len": -1,
    "output_len": 45.58969325153374
}