{
    "METEOR": 0.19426646541918358,
    "BLEURT": 0.39241705437778646,
    "prompt_len": -1,
    "output_len": 50.62556566275916
}