{
    "METEOR": 0.1867763525469802,
    "BLEURT": 0.37629944110026387,
    "prompt_len": -1,
    "output_len": 49.56036809815951
}