{
    "METEOR": 0.16025221146602392,
    "BLEURT": 0.35241187377575717,
    "prompt_len": -1,
    "output_len": 38.899754601226995
}