{
    "METEOR": 0.18310133577306534,
    "BLEURT": 0.3921406150839061,
    "prompt_len": -1,
    "output_len": 42.013105972077
}