{
    "METEOR": 0.18598753081670627,
    "BLEURT": 0.4011871769850605,
    "prompt_len": -1,
    "output_len": 54.34361963190184
}