{
    "METEOR": 0.18799733976479968,
    "BLEURT": 0.38594198259564994,
    "prompt_len": -1,
    "output_len": 48.59300613496932
}