{
    "METEOR": 0.18428375238345604,
    "BLEURT": 0.39267188643888096,
    "prompt_len": -1,
    "output_len": 43.64239263803681
}