{
    "METEOR": 0.13898946564813466,
    "BLEURT": 0.3643517235849655,
    "prompt_len": 291.6752627403315,
    "output_len": 37.41413668182994
}