{
    "METEOR": 0.13941663836045873,
    "BLEURT": 0.38203484257808856,
    "prompt_len": 151.11319018404907,
    "output_len": 37.687361963190185
}