{
    "METEOR": 0.12982581127696313,
    "BLEURT": 0.32303371175849366,
    "prompt_len": 626.7717791411043,
    "output_len": 48.648650306748465
}