{
    "METEOR": 0.13623539484217126,
    "BLEURT": 0.35872317392652114,
    "prompt_len": 333.5140658744779,
    "output_len": 38.80611293284068
}