{
    "METEOR": 0.12409897753647457,
    "BLEURT": 0.31287172382046113,
    "prompt_len": 273.8644171779141,
    "output_len": 45.83601226993865
}