{
    "METEOR": 0.1393353167994878,
    "BLEURT": 0.3892794579413907,
    "prompt_len": 55.79744801313732,
    "output_len": 36.80591561480705
}