{
    "METEOR": 0.1288246844673168,
    "BLEURT": 0.34787023900121394,
    "prompt_len": 117.89637303267354,
    "output_len": 35.98206377963041
}