{
    "METEOR": 0.14444339594956046,
    "BLEURT": 0.32149676925262277,
    "prompt_len": 948.7000465185611,
    "output_len": 69.28934316529485
}