{
    "METEOR": 0.13696088082479466,
    "BLEURT": 0.3848423400311016,
    "prompt_len": 124.06975460122699,
    "output_len": 37.401472392638034
}