{
    "METEOR": 0.13505020247167254,
    "BLEURT": 0.3680366072145525,
    "prompt_len": 250.6250306748466,
    "output_len": 57.61588957055214
}