{
    "METEOR": 0.13293815824109464,
    "BLEURT": 0.34692291162085315,
    "prompt_len": 172.8185889570552,
    "output_len": 70.97331288343558
}