{
    "METEOR": 0.12649365999635329,
    "BLEURT": 0.36458780683714187,
    "prompt_len": 476.72184049079755,
    "output_len": 35.531104294478524
}