{
    "METEOR": 0.15067983929760326,
    "BLEURT": 0.3561251400369991,
    "prompt_len": 171.63957055214723,
    "output_len": 47.24932515337423
}