{
    "METEOR": 0.13509854229802237,
    "BLEURT": 0.34786833209402723,
    "prompt_len": 387.57509202453986,
    "output_len": 39.12233128834356
}