{
    "METEOR": 0.1422854266400305,
    "BLEURT": 0.3826697457065246,
    "prompt_len": 205.3559509202454,
    "output_len": 40.11822085889571
}