{
    "METEOR": 0.12728991623289093,
    "BLEURT": 0.33554302301097866,
    "prompt_len": 452.85098159509204,
    "output_len": 50.4939263803681
}