{
    "METEOR": 0.1334993718255735,
    "BLEURT": 0.3697731139012641,
    "prompt_len": 146.09319018404906,
    "output_len": 49.638282208588954
}