{
    "METEOR": 0.13647160558262555,
    "BLEURT": 0.36269830049821206,
    "prompt_len": 333.7877914110429,
    "output_len": 36.56104294478528
}