{
    "METEOR": 0.1584080928571815,
    "BLEURT": 0.3629201986736946,
    "prompt_len": 158.54377628855812,
    "output_len": 39.27308438613041
}