{
    "METEOR": 0.14381712926183085,
    "BLEURT": 0.3345290135775058,
    "prompt_len": 733.0468098159508,
    "output_len": 51.241104294478525
}