{
    "METEOR": 0.13987359119081427,
    "BLEURT": 0.37760227973567195,
    "prompt_len": 151.20361963190183,
    "output_len": 36.967975460122695
}