{
    "METEOR": 0.14137327730679336,
    "BLEURT": 0.34658295806291645,
    "prompt_len": 368.21736196319017,
    "output_len": 42.36374233128834
}