{
    "METEOR": 0.1393070378861272,
    "BLEURT": 0.3689201690571988,
    "prompt_len": 314.3336809815951,
    "output_len": 42.66085889570552
}