{
    "METEOR": 0.1370991226173893,
    "BLEURT": 0.3686707895476094,
    "prompt_len": 314.91680589737007,
    "output_len": 40.487269310021105
}