{
    "METEOR": 0.1331157165302597,
    "BLEURT": 0.37562503443128126,
    "prompt_len": 159.95018404907975,
    "output_len": 48.4621472392638
}