{
    "METEOR": 0.14227373834724172,
    "BLEURT": 0.3804685388263201,
    "prompt_len": 197.58601226993866,
    "output_len": 45.604294478527606
}