{
    "METEOR": 0.13918557068684564,
    "BLEURT": 0.3547098312947465,
    "prompt_len": 70.8058282208589,
    "output_len": 57.287361963190186
}