{
    "METEOR": 0.14744656899360883,
    "BLEURT": 0.3421768658219671,
    "prompt_len": 972.638036809816,
    "output_len": 54.87147239263803
}