{
    "METEOR": 0.12912687393415825,
    "BLEURT": 0.3201074475113965,
    "prompt_len": 710.587300613497,
    "output_len": 50.522269938650304
}