{
    "METEOR": 0.13327069170497227,
    "BLEURT": 0.3289914876633992,
    "prompt_len": 610.5698159509202,
    "output_len": 65.89411042944785
}