{
    "METEOR": 0.12347824411356664,
    "BLEURT": 0.3231426921449827,
    "prompt_len": 413.65351888318486,
    "output_len": 51.410664272207875
}