{
    "METEOR": 0.1366153808246829,
    "BLEURT": 0.33441242214497974,
    "prompt_len": 462.4333128834356,
    "output_len": 41.50889570552147
}