{
    "METEOR": 0.1417073072243708,
    "BLEURT": 0.38004753552377224,
    "prompt_len": 198.21061349693252,
    "output_len": 43.1721472392638
}