{
    "METEOR": 0.13089462325392914,
    "BLEURT": 0.3815921370369708,
    "prompt_len": 160.7819018404908,
    "output_len": 48.38803680981595
}