{
    "METEOR": 0.13868979968528575,
    "BLEURT": 0.3734817200236342,
    "prompt_len": 284.421472392638,
    "output_len": 40.03687116564417
}