{
    "METEOR": 0.1376486145769331,
    "BLEURT": 0.3455127231429325,
    "prompt_len": 345.42030674846626,
    "output_len": 45.12822085889571
}