{
    "METEOR": 0.1448179278307989,
    "BLEURT": 0.38014688186027523,
    "prompt_len": 204.54907975460122,
    "output_len": 41.17208588957055
}