{
    "METEOR": 0.1546092378318705,
    "BLEURT": 0.33248380567627084,
    "prompt_len": 362.92656441717793,
    "output_len": 44.65435582822086
}