{
    "METEOR": 0.14250548818919448,
    "BLEURT": 0.3461595504973198,
    "prompt_len": 349.3683435582822,
    "output_len": 52.814171779141105
}