{
    "METEOR": 0.12289459535764645,
    "BLEURT": 0.3298731738420352,
    "prompt_len": 296.4285889570552,
    "output_len": 35.92251533742331
}