{
    "METEOR": 0.1376686064048895,
    "BLEURT": 0.3363424359979622,
    "prompt_len": 452.12306748466256,
    "output_len": 58.22834355828221
}