{
    "METEOR": 0.1408362611021752,
    "BLEURT": 0.3544635859035824,
    "prompt_len": 314.13049079754603,
    "output_len": 39.58012269938651
}