{
    "METEOR": 0.13686736041371378,
    "BLEURT": 0.3913143018829676,
    "prompt_len": 356.02521472392635,
    "output_len": 36.36171779141104
}