{
    "METEOR": 0.14179125027697734,
    "BLEURT": 0.385851497808757,
    "prompt_len": 154.05546012269937,
    "output_len": 39.87122699386503
}