{
    "METEOR": 0.13569297087079565,
    "BLEURT": 0.36514460657409,
    "prompt_len": 254.4998773006135,
    "output_len": 53.39306748466257
}