{
    "METEOR": 0.140357189921607,
    "BLEURT": 0.35936294281409564,
    "prompt_len": 358.1946012269938,
    "output_len": 39.32282208588957
}