{
    "METEOR": 0.130915468804226,
    "BLEURT": 0.3595853609687712,
    "prompt_len": 695.8533742331289,
    "output_len": 39.56668711656441
}