{
    "METEOR": 0.138383363122125,
    "BLEURT": 0.36750322016470266,
    "prompt_len": 291.87957055214724,
    "output_len": 35.8520245398773
}