{
    "METEOR": 0.1413554347663216,
    "BLEURT": 0.3497599857858171,
    "prompt_len": 291.2906134969325,
    "output_len": 45.70073619631901
}