{
    "METEOR": 0.13162811984410508,
    "BLEURT": 0.32422049905030637,
    "prompt_len": 671.690981595092,
    "output_len": 67.94736196319018
}