{
    "METEOR": 0.1510969330321892,
    "BLEURT": 0.3486963811471052,
    "prompt_len": 565.2716564417177,
    "output_len": 44.78325153374233
}