{
    "METEOR": 0.14220790771848307,
    "BLEURT": 0.3383328881292987,
    "prompt_len": 438.199018404908,
    "output_len": 52.25815950920245
}