{
    "METEOR": 0.13436386939848144,
    "BLEURT": 0.3688378436785717,
    "prompt_len": 145.00705521472392,
    "output_len": 51.74141104294478
}