{
    "METEOR": 0.12880350721212888,
    "BLEURT": 0.36253219955812205,
    "prompt_len": 634.85245398773,
    "output_len": 37.75834355828221
}