{
    "METEOR": 0.13933794447367584,
    "BLEURT": 0.37885362650444904,
    "prompt_len": 124.13889570552148,
    "output_len": 38.032331288343556
}