{
    "METEOR": 0.14496035135165972,
    "BLEURT": 0.3794747556247777,
    "prompt_len": 153.1715337423313,
    "output_len": 41.438895705521475
}