{
    "METEOR": 0.13120248896960185,
    "BLEURT": 0.338091085456266,
    "prompt_len": 117.04668711656443,
    "output_len": 40.40239263803681
}