{
    "METEOR": 0.13955719856163853,
    "BLEURT": 0.3668011624087913,
    "prompt_len": 333.11418003789845,
    "output_len": 50.80643003356955
}