{
    "METEOR": 0.14150070094543224,
    "BLEURT": 0.3728684164332283,
    "prompt_len": 283.77269938650306,
    "output_len": 42.13441717791411
}