{
    "METEOR": 0.13917457722333565,
    "BLEURT": 0.37064534137951083,
    "prompt_len": 145.04361963190183,
    "output_len": 49.47699386503068
}