{
    "METEOR": 0.11617648871726477,
    "BLEURT": 0.3244929000680432,
    "prompt_len": 417.34539877300614,
    "output_len": 39.384049079754604
}