{
    "METEOR": 0.15406605102513946,
    "BLEURT": 0.34249757789486757,
    "prompt_len": 335.29834355828217,
    "output_len": 45.39644171779141
}