{
    "METEOR": 0.12063384336305609,
    "BLEURT": 0.33618434575937045,
    "prompt_len": 453.32476718775825,
    "output_len": 43.54963832027499
}