{
    "METEOR": 0.12719367921402303,
    "BLEURT": 0.36445421536321654,
    "prompt_len": 374.12134969325155,
    "output_len": 36.33656441717792
}