{
    "METEOR": 0.14476891873024023,
    "BLEURT": 0.33475134421071395,
    "prompt_len": 649.3602453987729,
    "output_len": 49.96159509202454
}