{
    "METEOR": 0.15472047411130066,
    "BLEURT": 0.3584470519156672,
    "prompt_len": 568.0157086232117,
    "output_len": 40.621265261197316
}