{
    "METEOR": 0.1394342562223849,
    "BLEURT": 0.37154179061483017,
    "prompt_len": 146.13760736196318,
    "output_len": 48.186073619631905
}