{
    "METEOR": 0.16285652503923323,
    "BLEURT": 0.3488181192601568,
    "prompt_len": 462.4333128834356,
    "output_len": 44.73987730061349
}