{
    "METEOR": 0.1644056062990917,
    "BLEURT": 0.3475569072694866,
    "prompt_len": 476.72184049079755,
    "output_len": 45.964723926380366
}