{
    "METEOR": 0.18622886035458336,
    "BLEURT": 0.34720841130184615,
    "prompt_len": 158.54134969325153,
    "output_len": 55.208404907975456
}