{
    "METEOR": 0.16571297104419264,
    "BLEURT": 0.34926161961412866,
    "prompt_len": 374.12134969325155,
    "output_len": 44.77423312883436
}