{
    "METEOR": 0.1604663104161825,
    "BLEURT": 0.3591885572749596,
    "prompt_len": 154.05546012269937,
    "output_len": 43.38668711656442
}