{
    "METEOR": 0.16580486208518383,
    "BLEURT": 0.3542227119454211,
    "prompt_len": 314.13049079754603,
    "output_len": 47.06496932515338
}