{
    "METEOR": 0.1647970831443791,
    "BLEURT": 0.34564995919542807,
    "prompt_len": 387.57509202453986,
    "output_len": 46.39644171779141
}