{
    "METEOR": 0.14864387575697652,
    "BLEURT": 0.3580908353329619,
    "prompt_len": 151.11319018404907,
    "output_len": 38.894723926380365
}