{
    "METEOR": 0.16029874349756298,
    "BLEURT": 0.35881370152981007,
    "prompt_len": 284.421472392638,
    "output_len": 54.14128834355828
}