{
    "METEOR": 0.14554791405025705,
    "BLEURT": 0.34275189301033326,
    "prompt_len": 568.0184662576687,
    "output_len": 49.11656441717791
}