{
    "METEOR": 0.16354000485186923,
    "BLEURT": 0.33497761968774664,
    "prompt_len": 733.0468098159508,
    "output_len": 58.25098159509203
}