{
    "METEOR": 0.14855211015031444,
    "BLEURT": 0.3755053710996922,
    "prompt_len": 55.79466257668712,
    "output_len": 36.63490797546012
}