{
    "METEOR": 0.14026144665745827,
    "BLEURT": 0.31462559338643925,
    "prompt_len": 417.34726213913103,
    "output_len": 57.652616941971125
}