{
    "METEOR": 0.14396262169893947,
    "BLEURT": 0.35381023359536395,
    "prompt_len": 254.4998773006135,
    "output_len": 56.864723926380364
}