{
    "METEOR": 0.16175776037509362,
    "BLEURT": 0.35232679881475454,
    "prompt_len": 368.21736196319017,
    "output_len": 46.687361963190185
}