{
    "METEOR": 0.1476991663787167,
    "BLEURT": 0.3488390734051269,
    "prompt_len": 291.68484662576685,
    "output_len": 42.744601226993865
}