{
    "METEOR": 0.1481509290462925,
    "BLEURT": 0.3727873068120707,
    "prompt_len": 145.00570641736311,
    "output_len": 55.55340839366793
}