{
    "METEOR": 0.15245549880366413,
    "BLEURT": 0.31665248372437765,
    "prompt_len": 296.4285889570552,
    "output_len": 42.5101226993865
}