{
    "METEOR": 0.1626646275977541,
    "BLEURT": 0.3367217695932447,
    "prompt_len": 972.638036809816,
    "output_len": 56.66920245398773
}