{
    "METEOR": 0.1538384532693032,
    "BLEURT": 0.34080791749882916,
    "prompt_len": 160.7819018404908,
    "output_len": 48.82085889570552
}