{
    "METEOR": 0.16318211423058285,
    "BLEURT": 0.33671326228446025,
    "prompt_len": 649.3602453987729,
    "output_len": 54.82337423312883
}