{
    "METEOR": 0.14233225762597357,
    "BLEURT": 0.322673807330201,
    "prompt_len": 117.89625766871167,
    "output_len": 36.16852760736196
}