{
    "METEOR": 0.14909191770536034,
    "BLEURT": 0.36155056393356777,
    "prompt_len": 124.06975460122699,
    "output_len": 37.33828220858896
}