{
    "METEOR": 0.1620760463775956,
    "BLEURT": 0.3594602890111552,
    "prompt_len": 205.3559509202454,
    "output_len": 49.09245398773006
}