{
    "METEOR": 0.13969175033638306,
    "BLEURT": 0.3403246061956407,
    "prompt_len": 356.02521472392635,
    "output_len": 46.34092024539877
}