{
    "METEOR": 0.14699510769963986,
    "BLEURT": 0.37247135399217984,
    "prompt_len": 146.09319018404906,
    "output_len": 53.51981595092025
}