{
    "METEOR": 0.16388913039769243,
    "BLEURT": 0.34449593486321484,
    "prompt_len": 634.85245398773,
    "output_len": 48.472760736196314
}