{
    "METEOR": 0.14903037759230828,
    "BLEURT": 0.3545480024403224,
    "prompt_len": 181.67576687116565,
    "output_len": 56.967361963190186
}