{
    "METEOR": 0.14740161946019006,
    "BLEURT": 0.3440542976105688,
    "prompt_len": 333.5285889570552,
    "output_len": 44.57944785276074
}