{
    "METEOR": 0.15929994995681102,
    "BLEURT": 0.3562363806179513,
    "prompt_len": 314.9223312883435,
    "output_len": 55.04865030674846
}