{
    "METEOR": 0.16430532750262733,
    "BLEURT": 0.35869256933728244,
    "prompt_len": 198.21061349693252,
    "output_len": 50.81680981595092
}