{
    "METEOR": 0.16367579506085944,
    "BLEURT": 0.3434122830592781,
    "prompt_len": 695.8533742331289,
    "output_len": 48.9179754601227
}