{
    "METEOR": 0.15280574563184993,
    "BLEURT": 0.3460932490997519,
    "prompt_len": 358.1946012269938,
    "output_len": 43.00466257668711
}