{
    "METEOR": 0.15452910352413474,
    "BLEURT": 0.33372740786316935,
    "prompt_len": 453.3198773006135,
    "output_len": 74.92466257668711
}