{
    "METEOR": 0.15983589844861915,
    "BLEURT": 0.3419573717221526,
    "prompt_len": 165.63993865030673,
    "output_len": 41.77024539877301
}