{
    "METEOR": 0.14053164932810927,
    "BLEURT": 0.3340042520424157,
    "prompt_len": 579.2707975460122,
    "output_len": 47.811104294478525
}