{
    "METEOR": 0.13508538866838982,
    "BLEURT": 0.32915846944769467,
    "prompt_len": 104.33846625766871,
    "output_len": 33.987852760736196
}