{
    "METEOR": 0.13891807990005275,
    "BLEURT": 0.3553864744643858,
    "prompt_len": 250.6250306748466,
    "output_len": 52.31036809815951
}