{
    "METEOR": 0.14449159970523826,
    "BLEURT": 0.36931644431378213,
    "prompt_len": 110.14404907975461,
    "output_len": 35.43773006134969
}