{
    "METEOR": 0.14450457335437977,
    "BLEURT": 0.3621382109532875,
    "prompt_len": 137.20877300613495,
    "output_len": 35.79349693251534
}