{
    "METEOR": 0.13285632536677072,
    "BLEURT": 0.31193175661509026,
    "prompt_len": 351.1121472392638,
    "output_len": 46.86337423312883
}