{
    "METEOR": 0.16476617688931475,
    "BLEURT": 0.3408028635592914,
    "prompt_len": 642.5678527607362,
    "output_len": 48.84092024539877
}