{
    "METEOR": 0.13335063673584982,
    "BLEURT": 0.3479488851244281,
    "prompt_len": 172.8185889570552,
    "output_len": 38.671533742331285
}