{
    "METEOR": 0.13658333846121937,
    "BLEURT": 0.34914071200495483,
    "prompt_len": 319.79294478527606,
    "output_len": 37.991963190184045
}