{
    "METEOR": 0.16354489267767125,
    "BLEURT": 0.3420154776364748,
    "prompt_len": 470.19705521472395,
    "output_len": 46.530061349693256
}