{
    "METEOR": 0.14695079266040767,
    "BLEURT": 0.30561357824394675,
    "prompt_len": 302.9117791411043,
    "output_len": 40.601104294478525
}