{
    "METEOR": 0.15903507255753846,
    "BLEURT": 0.33354286051920956,
    "prompt_len": 380.9254601226994,
    "output_len": 44.164478527607365
}