{
    "METEOR": 0.1613193439258514,
    "BLEURT": 0.331623452644041,
    "prompt_len": 742.5755214723927,
    "output_len": 52.229447852760735
}