{
    "METEOR": 0.1549291751906764,
    "BLEURT": 0.3417776536840968,
    "prompt_len": 323.2788343558282,
    "output_len": 41.25411042944785
}