{
    "METEOR": 0.13654245370540113,
    "BLEURT": 0.35130249161158966,
    "prompt_len": 277.88472392638033,
    "output_len": 36.87742331288344
}