{
    "METEOR": 0.13277291034884464,
    "BLEURT": 0.3865785284820327,
    "prompt_len": 61.80638036809816,
    "output_len": 31.93398773006135
}