{
    "METEOR": 0.1626670666332181,
    "BLEURT": 0.3398973939956331,
    "prompt_len": 484.1211042944785,
    "output_len": 45.857116564417176
}