{
    "METEOR": 0.152022317783426,
    "BLEURT": 0.355729104356806,
    "prompt_len": 300.3345398773006,
    "output_len": 50.19742331288344
}