{
    "METEOR": 0.15984300502063684,
    "BLEURT": 0.33228090235289254,
    "prompt_len": 658.76,
    "output_len": 48.94098159509202
}