{
    "METEOR": 0.16862168299413605,
    "BLEURT": 0.33878960949054526,
    "prompt_len": 966.7140490797545,
    "output_len": 52.20282208588957
}