{
    "METEOR": 0.15036095136895203,
    "BLEURT": 0.3646496219507938,
    "prompt_len": 139.17239263803683,
    "output_len": 38.776993865030676
}