{
    "METEOR": 0.15146225799576563,
    "BLEURT": 0.3608088663430667,
    "prompt_len": 190.54993865030676,
    "output_len": 41.8342944785276
}