{
    "METEOR": 0.15453446675949745,
    "BLEURT": 0.33591121039233324,
    "prompt_len": 438.85184049079754,
    "output_len": 74.63699386503068
}