{
    "METEOR": 0.15481298659264753,
    "BLEURT": 0.3399983443392932,
    "prompt_len": 377.4085276073619,
    "output_len": 41.56453987730061
}