{
    "METEOR": 0.14046414192814788,
    "BLEURT": 0.3660785976500233,
    "prompt_len": 131.04447852760737,
    "output_len": 43.44239263803681
}