{
    "METEOR": 0.161621759505817,
    "BLEURT": 0.3409292218239944,
    "prompt_len": 381.36638036809813,
    "output_len": 44.38920245398773
}