{
    "METEOR": 0.13988590082711877,
    "BLEURT": 0.36627189257942094,
    "prompt_len": 132.1384662576687,
    "output_len": 40.78282208588957
}