{
    "METEOR": 0.15286794630371503,
    "BLEURT": 0.36027088963638054,
    "prompt_len": 183.58687116564417,
    "output_len": 42.725092024539876
}