{
    "METEOR": 0.1520409423635675,
    "BLEURT": 0.3581106220935386,
    "prompt_len": 269.77355828220857,
    "output_len": 47.23601226993865
}