{
    "METEOR": 0.1487058087645462,
    "BLEURT": 0.33716414942011874,
    "prompt_len": 353.29723926380365,
    "output_len": 44.2121472392638
}