{
    "METEOR": 0.16617283093489282,
    "BLEURT": 0.3404217149436108,
    "prompt_len": 703.689018404908,
    "output_len": 49.93177914110429
}