{
    "METEOR": 0.1560126532562804,
    "BLEURT": 0.32494849766233214,
    "prompt_len": 420.65509202453984,
    "output_len": 59.17650306748466
}