{
    "METEOR": 0.14418702840943393,
    "BLEURT": 0.3541086292166286,
    "prompt_len": 145.95104294478529,
    "output_len": 41.07171779141104
}