{
    "METEOR": 0.1300156896122799,
    "BLEURT": 0.35769568805634244,
    "prompt_len": 277.7730674846626,
    "output_len": 46.94147239263804
}