{
    "METEOR": 0.13013725283095695,
    "BLEURT": 0.3936290861748479,
    "prompt_len": 145.00705521472392,
    "output_len": 32.87496932515337
}