{
    "METEOR": 0.1253026221026844,
    "BLEURT": 0.3597686266889967,
    "prompt_len": 341.11276073619626,
    "output_len": 44.834969325153374
}