{
    "METEOR": 0.10835596548735105,
    "BLEURT": 0.2926334944207427,
    "prompt_len": 417.34539877300614,
    "output_len": 35.99828220858896
}