{
    "METEOR": 0.1275425250693093,
    "BLEURT": 0.3876784331973162,
    "prompt_len": 55.79466257668712,
    "output_len": 31.77883435582822
}