{
    "METEOR": 0.12461113909605966,
    "BLEURT": 0.361144812040808,
    "prompt_len": 285.8817791411043,
    "output_len": 36.16601226993865
}