{
    "METEOR": 0.12846504634705097,
    "BLEURT": 0.3604002100348107,
    "prompt_len": 291.68484662576685,
    "output_len": 32.64269938650307
}