{
    "METEOR": 0.13904952137551485,
    "BLEURT": 0.3423333605090899,
    "prompt_len": 374.12134969325155,
    "output_len": 38.237055214723924
}