{
    "METEOR": 0.13656653922913412,
    "BLEURT": 0.36174451220529213,
    "prompt_len": 284.421472392638,
    "output_len": 35.0359509202454
}