{
    "METEOR": 0.13049098823444463,
    "BLEURT": 0.37771031324757387,
    "prompt_len": 124.06975460122699,
    "output_len": 33.10883435582822
}