{
    "METEOR": 0.14249918730301295,
    "BLEURT": 0.3561232156868727,
    "prompt_len": 460.1225766871166,
    "output_len": 45.15503067484662
}