{
    "METEOR": 0.1369408886241571,
    "BLEURT": 0.34336349227037166,
    "prompt_len": 368.21736196319017,
    "output_len": 37.13871165644172
}