{
    "METEOR": 0.12265011546234364,
    "BLEURT": 0.3536853144646971,
    "prompt_len": 160.7819018404908,
    "output_len": 36.28441717791411
}