{
    "METEOR": 0.12994815779404392,
    "BLEURT": 0.3934940576356795,
    "prompt_len": 146.09319018404906,
    "output_len": 32.84398773006134
}