{
    "METEOR": 0.12289992344600957,
    "BLEURT": 0.35855884099527735,
    "prompt_len": 327.79,
    "output_len": 36.32098159509203
}