{
    "METEOR": 0.14506257827500116,
    "BLEURT": 0.3352976721068101,
    "prompt_len": 972.638036809816,
    "output_len": 45.81552147239264
}