{
    "METEOR": 0.13700111241724933,
    "BLEURT": 0.3364928490732528,
    "prompt_len": 695.8533742331289,
    "output_len": 39.37613496932515
}