{
    "METEOR": 0.12787797856635597,
    "BLEURT": 0.36317509093487554,
    "prompt_len": 356.02521472392635,
    "output_len": 35.72895705521472
}