{
    "METEOR": 0.145477245580945,
    "BLEURT": 0.35331169483303293,
    "prompt_len": 158.54134969325153,
    "output_len": 36.81644171779141
}