{
    "METEOR": 0.13135406728824658,
    "BLEURT": 0.32852549461407893,
    "prompt_len": 649.3602453987729,
    "output_len": 36.872085889570556
}