{
    "METEOR": 0.14461922683069356,
    "BLEURT": 0.3535402592326417,
    "prompt_len": 358.1946012269938,
    "output_len": 39.293865030674844
}