{
    "METEOR": 0.1188980048644623,
    "BLEURT": 0.33516974490021634,
    "prompt_len": 446.85134969325156,
    "output_len": 47.3501226993865
}