{
    "METEOR": 0.11097514340156972,
    "BLEURT": 0.3245510716361502,
    "prompt_len": 111.60030674846627,
    "output_len": 38.61883435582822
}