{
    "METEOR": 0.13527264410879616,
    "BLEURT": 0.34772989542023536,
    "prompt_len": 314.13049079754603,
    "output_len": 36.39588957055214
}