{
    "METEOR": 0.12244272314117442,
    "BLEURT": 0.32337554160254134,
    "prompt_len": 281.1262576687117,
    "output_len": 39.321595092024545
}