{
    "METEOR": 0.14072196763123473,
    "BLEURT": 0.36032484943881354,
    "prompt_len": 299.28766871165647,
    "output_len": 39.98736196319019
}