{
    "METEOR": 0.1343728753664424,
    "BLEURT": 0.3590462328786133,
    "prompt_len": 314.9223312883435,
    "output_len": 34.9019018404908
}