{
    "METEOR": 0.13891352533144533,
    "BLEURT": 0.3356926499823668,
    "prompt_len": 462.4333128834356,
    "output_len": 38.75521472392638
}