{
    "METEOR": 0.14504189593069447,
    "BLEURT": 0.3535614052200061,
    "prompt_len": 568.0184662576687,
    "output_len": 37.97073619631902
}