{
    "METEOR": 0.12346908253543817,
    "BLEURT": 0.3682738243509655,
    "prompt_len": 118.14110429447852,
    "output_len": 35.550429447852764
}