{
    "METEOR": 0.1306577301983373,
    "BLEURT": 0.3289447501937121,
    "prompt_len": 733.0468098159508,
    "output_len": 36.92386503067485
}