{
    "METEOR": 0.13094229829511356,
    "BLEURT": 0.36175305922429984,
    "prompt_len": 191.58638036809816,
    "output_len": 44.74325153374233
}