{
    "METEOR": 0.13610215290750005,
    "BLEURT": 0.33619697700340323,
    "prompt_len": 387.57509202453986,
    "output_len": 38.41668711656442
}