{
    "METEOR": 0.13523153558519851,
    "BLEURT": 0.3401974890614214,
    "prompt_len": 634.7688343558282,
    "output_len": 37.611901840490795
}