{
    "METEOR": 0.12473311243280663,
    "BLEURT": 0.37014723525593984,
    "prompt_len": 254.4998773006135,
    "output_len": 34.23245398773006
}