{
    "METEOR": 0.14573771877174613,
    "BLEURT": 0.36017254458066145,
    "prompt_len": 343.2978527607362,
    "output_len": 42.07122699386503
}