{
    "METEOR": 0.13913242578053203,
    "BLEURT": 0.36745349841569463,
    "prompt_len": 165.63993865030673,
    "output_len": 40.00570552147239
}