{
    "METEOR": 0.1403844063646508,
    "BLEURT": 0.3562807961215088,
    "prompt_len": 353.41736196319016,
    "output_len": 39.31294478527607
}