{
    "METEOR": 0.13671080610335767,
    "BLEURT": 0.36794736457885774,
    "prompt_len": 154.05546012269937,
    "output_len": 34.868343558282206
}