{
    "METEOR": 0.14262143171894556,
    "BLEURT": 0.3510092536666276,
    "prompt_len": 579.2707975460122,
    "output_len": 41.02282208588957
}