{
    "METEOR": 0.13243152902126032,
    "BLEURT": 0.3709225001602085,
    "prompt_len": 151.11319018404907,
    "output_len": 33.05104294478527
}