{
    "METEOR": 0.12254410315283512,
    "BLEURT": 0.31475294433214185,
    "prompt_len": 296.4285889570552,
    "output_len": 34.31226993865031
}