{
    "METEOR": 0.1456899360891132,
    "BLEURT": 0.34109924647294304,
    "prompt_len": 370.9260736196319,
    "output_len": 45.71073619631902
}