{
    "METEOR": 0.12585533871351823,
    "BLEURT": 0.3693215307017411,
    "prompt_len": 145.20582822085888,
    "output_len": 37.17613496932515
}