{
    "METEOR": 0.11981317448976166,
    "BLEURT": 0.3795839481796224,
    "prompt_len": 140.1379754601227,
    "output_len": 44.89631901840491
}