{
    "METEOR": 0.1366602219487373,
    "BLEURT": 0.33777652464212815,
    "prompt_len": 634.85245398773,
    "output_len": 39.14662576687116
}