{
    "METEOR": 0.1170579529239021,
    "BLEURT": 0.3566036426019998,
    "prompt_len": 181.67576687116565,
    "output_len": 35.489815950920246
}