{
    "METEOR": 0.12177438018254802,
    "BLEURT": 0.3373805066879176,
    "prompt_len": 453.3198773006135,
    "output_len": 38.79165644171779
}