{
    "METEOR": 0.12519962621016303,
    "BLEURT": 0.3603453169251146,
    "prompt_len": 147.1719018404908,
    "output_len": 43.030674846625764
}