{
    "METEOR": 0.1441078179532105,
    "BLEURT": 0.3542402067135996,
    "prompt_len": 618.5693251533742,
    "output_len": 46.315889570552145
}