{
    "METEOR": 0.12143544988858734,
    "BLEURT": 0.3670556829961165,
    "prompt_len": 250.6250306748466,
    "output_len": 49.42435582822086
}