{
    "METEOR": 0.13960926200082938,
    "BLEURT": 0.35977827482931085,
    "prompt_len": 357.3678527607362,
    "output_len": 44.697914110429444
}