{
    "METEOR": 0.1388203652704259,
    "BLEURT": 0.36587890699642933,
    "prompt_len": 205.3559509202454,
    "output_len": 34.78239263803681
}