{
    "METEOR": 0.12730341380839333,
    "BLEURT": 0.35558786597262865,
    "prompt_len": 333.5285889570552,
    "output_len": 32.675582822085886
}