{
    "METEOR": 0.14330238730283576,
    "BLEURT": 0.34805537343070914,
    "prompt_len": 446.19852760736194,
    "output_len": 44.7798773006135
}