{
    "METEOR": 0.14458253362185952,
    "BLEURT": 0.35308677507278746,
    "prompt_len": 679.690490797546,
    "output_len": 45.945766871165645
}