{
    "METEOR": 0.11225322793702457,
    "BLEURT": 0.340406632283074,
    "prompt_len": 153.95055214723925,
    "output_len": 54.829754601226995
}