{
    "METEOR": 0.13960667727153725,
    "BLEURT": 0.3647224912509048,
    "prompt_len": 198.21061349693252,
    "output_len": 35.11251533742331
}