{
    "METEOR": 0.12406819167656377,
    "BLEURT": 0.3370177321821634,
    "prompt_len": 117.89625766871167,
    "output_len": 30.93815950920245
}