{
    "METEOR": 0.13469124840477906,
    "BLEURT": 0.3392636598587219,
    "prompt_len": 718.5843558282209,
    "output_len": 37.566134969325155
}