{
    "METEOR": 0.1301825169978456,
    "BLEURT": 0.3612940837726271,
    "prompt_len": 198.54944785276072,
    "output_len": 44.7039263803681
}