{
    "METEOR": 0.1511813930311664,
    "BLEURT": 0.34614246233657825,
    "prompt_len": 956.7146625766871,
    "output_len": 49.93134969325153
}