{
    "METEOR": 0.11928350730346003,
    "BLEURT": 0.3734452335623327,
    "prompt_len": 58.80656441717791,
    "output_len": 36.06932515337423
}