{
    "METEOR": 0.11993354681916919,
    "BLEURT": 0.3782621419324648,
    "prompt_len": 139.04398773006136,
    "output_len": 44.38564417177914
}