{
    "METEOR": 0.13829951281064823,
    "BLEURT": 0.3385565080562252,
    "prompt_len": 476.72184049079755,
    "output_len": 38.4121472392638
}