{
    "METEOR": 0.1281529885338385,
    "BLEURT": 0.35454461449997193,
    "prompt_len": 308.3340490797546,
    "output_len": 48.08251533742331
}