{
    "METEOR": 0.139426343730339,
    "BLEURT": 0.2872452466051283,
    "prompt_len": -1,
    "output_len": 42.652057723142704
}