{
    "METEOR": 0.1548273881430174,
    "BLEURT": 0.34994375921484516,
    "prompt_len": -1,
    "output_len": 46.927445216461784
}