{
    "METEOR": 0.1584353649996939,
    "BLEURT": 0.3123610633888836,
    "prompt_len": -1,
    "output_len": 59.61718332442544
}