{
    "METEOR": 0.15018473550908623,
    "BLEURT": 0.3478534862129643,
    "prompt_len": -1,
    "output_len": 43.917067521824336
}