{
    "METEOR": 0.15690358179500402,
    "BLEURT": 0.36377688180857665,
    "prompt_len": -1,
    "output_len": 39.62114733654018
}