{
    "METEOR": 0.15959322162422024,
    "BLEURT": 0.31225746689384554,
    "prompt_len": -1,
    "output_len": 59.82607340103331
}