{
    "METEOR": 0.14222073582606717,
    "BLEURT": 0.34058634682756983,
    "prompt_len": -1,
    "output_len": 37.38717835589732
}