{
    "METEOR": 0.15544976823615525,
    "BLEURT": 0.3509447875888322,
    "prompt_len": -1,
    "output_len": 46.966517693001904
}