{
    "METEOR": 0.13403725955799312,
    "BLEURT": 0.33891018389945105,
    "prompt_len": -1,
    "output_len": 35.22542089801995
}