{
    "METEOR": 0.1447890465146199,
    "BLEURT": 0.33924783406981635,
    "prompt_len": -1,
    "output_len": 45.9244930641746
}