{
    "METEOR": 0.15653411942156295,
    "BLEURT": 0.3118561963812406,
    "prompt_len": -1,
    "output_len": 60.53799216105469
}