{
    "METEOR": 0.14191573463231016,
    "BLEURT": 0.34276859458179504,
    "prompt_len": -1,
    "output_len": 36.74140388384109
}