{
    "METEOR": 0.14129758227945244,
    "BLEURT": 0.3408450814634004,
    "prompt_len": -1,
    "output_len": 37.34157313379655
}