{
    "METEOR": 0.15297964546178547,
    "BLEURT": 0.3660592912981191,
    "prompt_len": -1,
    "output_len": 38.91590949581329
}