{
    "METEOR": 0.14882702454915106,
    "BLEURT": 0.3450362049934583,
    "prompt_len": -1,
    "output_len": 38.94478469536487
}