{
    "METEOR": 0.14540849135537015,
    "BLEURT": 0.3486896789286458,
    "prompt_len": -1,
    "output_len": 40.00823980046321
}