{
    "METEOR": 0.14240992070344796,
    "BLEURT": 0.34168488742561665,
    "prompt_len": -1,
    "output_len": 39.087252805986104
}