{
    "METEOR": 0.14162263357466942,
    "BLEURT": 0.34073185869843514,
    "prompt_len": -1,
    "output_len": 44.91684482451452
}