{
    "METEOR": 0.1340176724702291,
    "BLEURT": 0.33677012779272575,
    "prompt_len": -1,
    "output_len": 37.70265455193301
}