{
    "METEOR": 0.1428520513453517,
    "BLEURT": 0.3363039982846113,
    "prompt_len": -1,
    "output_len": 41.919339034384464
}