{
    "METEOR": 0.14722775144334063,
    "BLEURT": 0.305118160779082,
    "prompt_len": -1,
    "output_len": 43.45347013458042
}