{
    "METEOR": 0.13903136638482896,
    "BLEURT": 0.3418757847783885,
    "prompt_len": -1,
    "output_len": 35.554917156600744
}