{
    "METEOR": 0.15682777371717221,
    "BLEURT": 0.3517429672450032,
    "prompt_len": -1,
    "output_len": 47.32761923299843
}