{
    "METEOR": 0.15912128771427433,
    "BLEURT": 0.38565551497655426,
    "prompt_len": -1,
    "output_len": 55.36321931231071
}