{
    "METEOR": 0.14876016950951665,
    "BLEURT": 0.34452812918461034,
    "prompt_len": -1,
    "output_len": 40.36228398360947
}