{
    "METEOR": 0.13858249793490832,
    "BLEURT": 0.3413880907016367,
    "prompt_len": -1,
    "output_len": 35.94869053981828
}