{
    "METEOR": 0.16392986508919083,
    "BLEURT": 0.3726400754258698,
    "prompt_len": -1,
    "output_len": 44.501425262782824
}