{
    "METEOR": 0.14167948617033016,
    "BLEURT": 0.3418345125902947,
    "prompt_len": -1,
    "output_len": 39.407391213373415
}