{
    "METEOR": 0.1489489165654878,
    "BLEURT": 0.345004450507912,
    "prompt_len": -1,
    "output_len": 38.79253518617495
}