{
    "METEOR": 0.1551910889441656,
    "BLEURT": 0.34978511525391365,
    "prompt_len": -1,
    "output_len": 47.09678425084625
}