{
    "METEOR": 0.1302821263947354,
    "BLEURT": 0.33601045205660857,
    "prompt_len": -1,
    "output_len": 34.156556208801
}