{
    "METEOR": 0.14815414435779353,
    "BLEURT": 0.34419494281817775,
    "prompt_len": -1,
    "output_len": 40.10529128808124
}