{
    "METEOR": 0.13421473924017754,
    "BLEURT": 0.33609716758216934,
    "prompt_len": -1,
    "output_len": 37.87105825761625
}