{
    "METEOR": 0.14464373937429736,
    "BLEURT": 0.34248701956719774,
    "prompt_len": -1,
    "output_len": 38.92005166577588
}