{
    "METEOR": 0.14209954136892491,
    "BLEURT": 0.34120910102260926,
    "prompt_len": -1,
    "output_len": 44.95853376091217
}