{
    "METEOR": 0.14706782505137742,
    "BLEURT": 0.3046793525080393,
    "prompt_len": -1,
    "output_len": 43.56878365693672
}