{
    "METEOR": 0.12497024052756747,
    "BLEURT": 0.31672189382176846,
    "prompt_len": 614.9253518617495,
    "output_len": 38.61339747015856
}