{
    "METEOR": 0.12314205129857682,
    "BLEURT": 0.3741659918478439,
    "prompt_len": 339.1311241760199,
    "output_len": 31.605825761624796
}