{
    "METEOR": 0.13250497728396596,
    "BLEURT": 0.3425282632267382,
    "prompt_len": 798.2935150543382,
    "output_len": 51.499777302690184
}