{
    "METEOR": 0.12092988854019666,
    "BLEURT": 0.34771774229509783,
    "prompt_len": 251.15330482807767,
    "output_len": 40.25815072153929
}