{
    "METEOR": 0.13032723162635532,
    "BLEURT": 0.3619724634703618,
    "prompt_len": 249.496347764119,
    "output_len": 40.687199358631744
}