{
    "METEOR": 0.10731314264137992,
    "BLEURT": 0.3379525260008578,
    "prompt_len": 610.1488063424194,
    "output_len": 38.44597363263852
}