{
    "METEOR": 0.12612606266780899,
    "BLEURT": 0.32780600228869045,
    "prompt_len": 256.95407981471584,
    "output_len": 36.362061286299664
}