{
    "METEOR": 0.1344135836093346,
    "BLEURT": 0.36035287795953735,
    "prompt_len": 180.22652770354534,
    "output_len": 39.56787814003207
}