{
    "METEOR": 0.12642193278563152,
    "BLEURT": 0.3415479342181459,
    "prompt_len": 764.1178890105956,
    "output_len": 33.70610254578293
}