{
    "METEOR": 0.12696304938928435,
    "BLEURT": 0.3693420254988252,
    "prompt_len": 109.43034028148939,
    "output_len": 33.6878674505612
}