{
    "METEOR": 0.12439237854694962,
    "BLEURT": 0.32590699214471025,
    "prompt_len": 784.4955573887715,
    "output_len": 39.749054140909315
}