{
    "METEOR": 0.12049853529818275,
    "BLEURT": 0.32608250517357634,
    "prompt_len": 253.33083912346336,
    "output_len": 39.84513629075361
}