{
    "METEOR": 0.07698676426606897,
    "BLEURT": 0.24795773698633206,
    "prompt_len": 316.10106544404425,
    "output_len": 68.02629939127846
}