{
    "METEOR": 0.12756028765932104,
    "BLEURT": 0.35554868092240444,
    "prompt_len": 259.2586406556209,
    "output_len": 33.20354534117228
}