{
    "METEOR": 0.0938147741839972,
    "BLEURT": 0.22025020702048603,
    "prompt_len": 313.8902634067741,
    "output_len": 63.98405074284067
}