{
    "METEOR": 0.11947997408101317,
    "BLEURT": 0.3661385125258422,
    "prompt_len": 141.79975057901302,
    "output_len": 39.62030108676287
}