{
    "METEOR": 0.1004557919805964,
    "BLEURT": 0.19321760762421158,
    "prompt_len": 697.0367450561197,
    "output_len": 89.43621949046855
}