{
    "METEOR": 0.11381138538785517,
    "BLEURT": 0.3123724768364017,
    "prompt_len": 359.8146757887787,
    "output_len": 38.15028360716587
}