{
    "METEOR": 0.12890711401130078,
    "BLEURT": 0.36578542608970177,
    "prompt_len": 249.25988776055587,
    "output_len": 39.00988776055585
}