{
    "METEOR": 0.12715395688405515,
    "BLEURT": 0.34733710945536594,
    "prompt_len": 290.47412257259936,
    "output_len": 33.121681810083736
}