{
    "METEOR": 0.11027881396592011,
    "BLEURT": 0.32313537723126784,
    "prompt_len": 633.9812488865134,
    "output_len": 41.84763050062355
}