{
    "METEOR": 0.12533093586782984,
    "BLEURT": 0.3496611572887683,
    "prompt_len": 289.2308480313558,
    "output_len": 33.911232852307144
}