{
    "METEOR": 0.13423040923378965,
    "BLEURT": 0.3544914897148985,
    "prompt_len": 370.12092463923034,
    "output_len": 41.73147158382327
}