{
    "METEOR": 0.12695559871817252,
    "BLEURT": 0.3453502507491076,
    "prompt_len": 64.22563691430607,
    "output_len": 43.849723855335824
}