{
    "METEOR": 0.10649181029464,
    "BLEURT": 0.34711163994585226,
    "prompt_len": 274.3919027258151,
    "output_len": 34.560306431498304
}