{
    "METEOR": 0.1233887498737374,
    "BLEURT": 0.352852792523731,
    "prompt_len": 107.98735079280243,
    "output_len": 36.45893461606984
}