{
    "METEOR": 0.13689169376455432,
    "BLEURT": 0.3278471063822508,
    "prompt_len": 394.43840192410477,
    "output_len": 42.63415285943346
}