{
    "METEOR": 0.10593792299547429,
    "BLEURT": 0.3409752891761175,
    "prompt_len": 554.0417780153216,
    "output_len": 37.077409584892216
}