{
    "METEOR": 0.14686922146538667,
    "BLEURT": 0.3628593579378678,
    "prompt_len": 135.7428736860859,
    "output_len": 35.510644931409225
}