{
    "METEOR": 0.10463308105711738,
    "BLEURT": 0.34120433167075753,
    "prompt_len": 322.2573935506859,
    "output_len": 35.01741492962765
}