{
    "METEOR": 0.122814522266057,
    "BLEURT": 0.36033965529880274,
    "prompt_len": 141.8133351149118,
    "output_len": 40.130990557634064
}