{
    "METEOR": 0.1272265826133842,
    "BLEURT": 0.3133528250855796,
    "prompt_len": 532.9722964546588,
    "output_len": 50.105068590771424
}