{
    "METEOR": 0.11847641491488108,
    "BLEURT": 0.33187697030923785,
    "prompt_len": 415.804605380367,
    "output_len": 35.81538393016212
}