{
    "METEOR": 0.1107061449695188,
    "BLEURT": 0.32299409385584066,
    "prompt_len": 574.0391947265277,
    "output_len": 40.893327988597896
}