{
    "METEOR": 0.11948278163729377,
    "BLEURT": 0.36193196692963764,
    "prompt_len": 107.63379654373774,
    "output_len": 33.472207375734904
}