{
    "METEOR": 0.1258582301382683,
    "BLEURT": 0.3239253107398621,
    "prompt_len": 307.520666310351,
    "output_len": 34.97777480848031
}