{
    "METEOR": 0.12457639789804494,
    "BLEURT": 0.31562231322553,
    "prompt_len": 554.7861660431142,
    "output_len": 37.70889007660788
}