{
    "METEOR": 0.10239476136045003,
    "BLEURT": 0.3446099273375961,
    "prompt_len": 410.10003563156954,
    "output_len": 34.572688401924104
}