{
    "METEOR": 0.11475246350947715,
    "BLEURT": 0.3007247143816997,
    "prompt_len": 351.893534610089,
    "output_len": 48.3844727955368
}