{
    "METEOR": 0.12655612605008681,
    "BLEURT": 0.3121268088301671,
    "prompt_len": 589.0824870835561,
    "output_len": 50.3558257616248
}