{
    "METEOR": 0.12023008795306289,
    "BLEURT": 0.34613815905038803,
    "prompt_len": 249.9659273115981,
    "output_len": 40.605513985391056
}