{
    "METEOR": 0.13002990081822102,
    "BLEURT": 0.3621272253877744,
    "prompt_len": 133.601950828434,
    "output_len": 38.63869588455372
}