{
    "METEOR": 0.1260444994046412,
    "BLEURT": 0.3605215157749377,
    "prompt_len": 111.48249599144843,
    "output_len": 31.75699269552824
}