{
    "METEOR": 0.1417687950615188,
    "BLEURT": 0.33891350112333773,
    "prompt_len": 180.13842864778192,
    "output_len": 40.592063067878144
}