{
    "METEOR": 0.12728614821400866,
    "BLEURT": 0.37018094073006086,
    "prompt_len": 133.36344200962054,
    "output_len": 36.74844111883129
}