{
    "METEOR": 0.12059034420966769,
    "BLEURT": 0.3757343004085488,
    "prompt_len": 271.9865490824871,
    "output_len": 30.211206128629964
}