{
    "METEOR": 0.13018485959679357,
    "BLEURT": 0.3247351170939445,
    "prompt_len": 301.1919650810618,
    "output_len": 43.13263851772671
}