{
    "METEOR": 0.128355689615758,
    "BLEURT": 0.3612854016618563,
    "prompt_len": 136.76705861393194,
    "output_len": 31.63989845002672
}