{
    "METEOR": 0.13425497326147273,
    "BLEURT": 0.36040867594101095,
    "prompt_len": 370.38442009620525,
    "output_len": 43.949581329057544
}