{
    "METEOR": 0.12361374775758346,
    "BLEURT": 0.3525028375209535,
    "prompt_len": 108.58208622839835,
    "output_len": 36.45906823445573
}