{
    "METEOR": 0.13660221801127162,
    "BLEURT": 0.35238926655948216,
    "prompt_len": 150.89119009442368,
    "output_len": 39.82068412613576
}