{
    "METEOR": 0.12638886395187235,
    "BLEURT": 0.3641464812145149,
    "prompt_len": 136.0626224835204,
    "output_len": 32.501247104934976
}