{
    "METEOR": 0.12079347677083832,
    "BLEURT": 0.3564865328749828,
    "prompt_len": 317.61593621949044,
    "output_len": 42.07589524318546
}