{
    "METEOR": 0.12315992991969209,
    "BLEURT": 0.36395152159693583,
    "prompt_len": 110.87765009798682,
    "output_len": 32.1980669873508
}