{
    "METEOR": 0.1288128711775347,
    "BLEURT": 0.35530820829701226,
    "prompt_len": 277.55246748619277,
    "output_len": 41.470470336718336
}