{
    "METEOR": 0.1295576586200282,
    "BLEURT": 0.35420968215172566,
    "prompt_len": 260.40334936753965,
    "output_len": 31.410475681453768
}