{
    "METEOR": 0.1312907093541539,
    "BLEURT": 0.38848041169811287,
    "prompt_len": 48.872572599323,
    "output_len": 33.502316052022096
}