{
    "METEOR": 0.11381138538785517,
    "BLEURT": 0.31237247702158843,
    "prompt_len": 359.8146757887787,
    "output_len": 38.15028360716587
}