{
    "METEOR": 0.1482471468394468,
    "BLEURT": 0.33208682443916737,
    "prompt_len": 776.185685016925,
    "output_len": 51.94864600035632
}