{
    "METEOR": 0.11635445427937531,
    "BLEURT": 0.3255549166069489,
    "prompt_len": 327.6542846962409,
    "output_len": 37.88379654373775
}