{
    "METEOR": 0.11991883841112828,
    "BLEURT": 0.36083866993511887,
    "prompt_len": 108.22750757170853,
    "output_len": 33.59869944771067
}