{
    "METEOR": 0.1293321203537024,
    "BLEURT": 0.3543264245192635,
    "prompt_len": 109.67103153393907,
    "output_len": 37.009397826474256
}