{
    "METEOR": 0.06241114952960115,
    "BLEURT": 0.29337910749907614,
    "prompt_len": 677.4912563735443,
    "output_len": 41.00062578864468
}