{
    "METEOR": 0.11999283968793696,
    "BLEURT": 0.37699117098463564,
    "prompt_len": 270.8012649207198,
    "output_len": 30.205282380188848
}