{
    "METEOR": 0.1258244902120722,
    "BLEURT": 0.3598664323597716,
    "prompt_len": 277.3144040619989,
    "output_len": 38.594245501514344
}