{
    "METEOR": 0.13150358390786987,
    "BLEURT": 0.36618293195819546,
    "prompt_len": 177.5235613753786,
    "output_len": 40.11179404952788
}