{
    "METEOR": 0.1292779024445381,
    "BLEURT": 0.3697143191906081,
    "prompt_len": 177.286388740424,
    "output_len": 39.17704436130412
}