{
    "METEOR": 0.11626975898107146,
    "BLEURT": 0.331292560501278,
    "prompt_len": 277.28683413504365,
    "output_len": 35.49893105291288
}