{
    "METEOR": 0.13012819861371552,
    "BLEURT": 0.3185539857743074,
    "prompt_len": 389.0318902547657,
    "output_len": 47.29293604133262
}