{
    "METEOR": 0.1418985755154249,
    "BLEURT": 0.31831546473678063,
    "prompt_len": 410.10003563156954,
    "output_len": 41.40228042045252
}