{
    "METEOR": 0.11860671556256529,
    "BLEURT": 0.28000120356521,
    "prompt_len": 764.1166488508819,
    "output_len": 49.31329057544985
}