{
    "METEOR": 0.14588476352187374,
    "BLEURT": 0.3309781592748774,
    "prompt_len": 177.286388740424,
    "output_len": 48.80656511669339
}