{
    "METEOR": 0.11507563699366423,
    "BLEURT": 0.33687410299773574,
    "prompt_len": 359.8134241938357,
    "output_len": 75.7053269196508
}