{
    "METEOR": 0.07391356489135441,
    "BLEURT": 0.2444871589030394,
    "prompt_len": 316.098298592553,
    "output_len": 82.64742561909853
}