{
    "METEOR": 0.1367857022433406,
    "BLEURT": 0.3271170907753256,
    "prompt_len": 136.0626224835204,
    "output_len": 37.64626759308748
}