{
    "METEOR": 0.14003067833204536,
    "BLEURT": 0.3282793702226834,
    "prompt_len": 277.3144040619989,
    "output_len": 54.382950293960455
}