{
    "METEOR": 0.13927399409901187,
    "BLEURT": 0.3156215508222718,
    "prompt_len": 415.804605380367,
    "output_len": 37.57331195439159
}