{
    "METEOR": 0.14214971083437808,
    "BLEURT": 0.3178431061739439,
    "prompt_len": 633.9812488865134,
    "output_len": 46.90860502405131
}