{
    "METEOR": 0.11507563699366423,
    "BLEURT": 0.3368741030236197,
    "prompt_len": 359.8134241938357,
    "output_len": 75.7053269196508
}