{
    "METEOR": 0.13363022251054046,
    "BLEURT": 0.3275348691695512,
    "prompt_len": 110.87765009798682,
    "output_len": 33.82571708533761
}