{
    "METEOR": 0.14169036504313495,
    "BLEURT": 0.32059975521353273,
    "prompt_len": 322.2573935506859,
    "output_len": 39.44165330482807
}