{
    "METEOR": 0.14198770730380839,
    "BLEURT": 0.3192033325596574,
    "prompt_len": 574.0391947265277,
    "output_len": 45.43020666310351
}