{
    "METEOR": 0.1217073413031706,
    "BLEURT": 0.3011707265126462,
    "prompt_len": 271.9865490824871,
    "output_len": 43.18399251737039
}