{
    "METEOR": 0.1428143809551203,
    "BLEURT": 0.3211246616710306,
    "prompt_len": 180.13842864778192,
    "output_len": 39.57228754676644
}