{
    "METEOR": 0.1228626579964046,
    "BLEURT": 0.30410887039474427,
    "prompt_len": 270.8012649207198,
    "output_len": 43.297167290219136
}