{
    "METEOR": 0.12946214456556535,
    "BLEURT": 0.3377116444832089,
    "prompt_len": 108.22750757170853,
    "output_len": 39.810128273650456
}