{
    "METEOR": 0.1420518982405875,
    "BLEURT": 0.31484136973309756,
    "prompt_len": 610.1488063424194,
    "output_len": 46.05843577409585
}