{
    "METEOR": 0.14257211800355468,
    "BLEURT": 0.33100668523104226,
    "prompt_len": 249.25988776055587,
    "output_len": 52.99661500089079
}