{
    "METEOR": 0.12927844619129972,
    "BLEURT": 0.3386782188865801,
    "prompt_len": 107.63379654373774,
    "output_len": 39.38499910921076
}