{
    "METEOR": 0.07267990011758718,
    "BLEURT": 0.2719648052919533,
    "prompt_len": 677.6377160163904,
    "output_len": 74.29257972563691
}