{
    "METEOR": 0.13362279684154385,
    "BLEURT": 0.31609035948443737,
    "prompt_len": 141.79975057901302,
    "output_len": 43.79164439693569
}