{
    "METEOR": 0.14217191433475648,
    "BLEURT": 0.3155579495940768,
    "prompt_len": 554.0417780153216,
    "output_len": 44.918181008373416
}