{
    "METEOR": 0.13190373418009263,
    "BLEURT": 0.32315340102762224,
    "prompt_len": 289.2308480313558,
    "output_len": 43.77422946730803
}