{
    "METEOR": 0.1335296972713313,
    "BLEURT": 0.32832789581628086,
    "prompt_len": 259.2586406556209,
    "output_len": 41.56885800819526
}