{
    "METEOR": 0.14504187213820097,
    "BLEURT": 0.3271632180475369,
    "prompt_len": 327.6542846962409,
    "output_len": 42.91996258685195
}