{
    "METEOR": 0.12311435853045806,
    "BLEURT": 0.29257936791281064,
    "prompt_len": 339.1311241760199,
    "output_len": 44.10061464457509
}