{
    "METEOR": 0.16972098053818804,
    "BLEURT": 0.33620681331648766,
    "prompt_len": 135.7428736860859,
    "output_len": 48.22510244076252
}