{
    "METEOR": 0.13566011256706856,
    "BLEURT": 0.3741531532792729,
    "prompt_len": 48.872572599323,
    "output_len": 34.86673792980581
}