{
    "METEOR": 0.14381322032819346,
    "BLEURT": 0.32438282205633795,
    "prompt_len": 133.36344200962054,
    "output_len": 40.326964190272584
}