{
    "METEOR": 0.14272442502622268,
    "BLEURT": 0.3299453152440197,
    "prompt_len": 370.12092463923034,
    "output_len": 55.053803670051664
}