{
    "METEOR": 0.14988759882848238,
    "BLEURT": 0.32835388197597604,
    "prompt_len": 798.2935150543382,
    "output_len": 52.29061998931053
}