{
    "METEOR": 0.1396674971858267,
    "BLEURT": 0.32242921397220037,
    "prompt_len": 109.43034028148939,
    "output_len": 35.156244432567256
}