{
    "METEOR": 0.14732581595082256,
    "BLEURT": 0.3258125139544716,
    "prompt_len": 277.28683413504365,
    "output_len": 42.97358809905576
}