{
    "METEOR": 0.1464980025446929,
    "BLEURT": 0.3211189741154267,
    "prompt_len": 274.3919027258151,
    "output_len": 41.435996793158736
}