{
    "METEOR": 0.12230828230907158,
    "BLEURT": 0.37665733259384293,
    "prompt_len": 55.226438624621416,
    "output_len": 32.93042936041333
}