{
    "METEOR": 0.13677529750851866,
    "BLEURT": 0.34129117058453,
    "prompt_len": 164.1963744877962,
    "output_len": 44.014742561909856
}