{
    "METEOR": 0.11434369706950007,
    "BLEURT": 0.3344138017959286,
    "prompt_len": 354.7561464457509,
    "output_len": 75.19116337074648
}