{
    "METEOR": 0.13349607146563597,
    "BLEURT": 0.3052757524306334,
    "prompt_len": 283.79298058079456,
    "output_len": 35.925752716907176
}