{
    "METEOR": 0.11712192861162138,
    "BLEURT": 0.26998865644255204,
    "prompt_len": 786.3977819347942,
    "output_len": 50.480402636736144
}