{
    "METEOR": 0.1331827816797767,
    "BLEURT": 0.30786788129590686,
    "prompt_len": 287.41622127204704,
    "output_len": 35.595804382683056
}