{
    "METEOR": 0.13444241813028138,
    "BLEURT": 0.3405124398226138,
    "prompt_len": 236.1691608765366,
    "output_len": 48.82081774452165
}