{
    "METEOR": 0.13967873700308123,
    "BLEURT": 0.3111175108772669,
    "prompt_len": 563.43443791199,
    "output_len": 42.37212720470337
}