{
    "METEOR": 0.13656609918192453,
    "BLEURT": 0.30684103694296916,
    "prompt_len": 419.4940317120969,
    "output_len": 38.93666488508819
}