{
    "METEOR": 0.13521069934125113,
    "BLEURT": 0.3078227047986835,
    "prompt_len": 331.654106538393,
    "output_len": 37.36384286477819
}