{
    "METEOR": 0.12808810896310088,
    "BLEURT": 0.34407189658282333,
    "prompt_len": 98.15530910386603,
    "output_len": 34.27186887582398
}