{
    "METEOR": 0.13273598707594145,
    "BLEURT": 0.34172601705297906,
    "prompt_len": 96.34384464635667,
    "output_len": 36.86219490468555
}