{
    "METEOR": 0.12397683913496457,
    "BLEURT": 0.3499538808969461,
    "prompt_len": 94.66016390522003,
    "output_len": 37.42125423124889
}