{
    "METEOR": 0.08119703073584879,
    "BLEURT": 0.18365029967377555,
    "prompt_len": 310.0758507037235,
    "output_len": 65.93760021378941
}