{
    "METEOR": 0.1404240378418793,
    "BLEURT": 0.3280804437884997,
    "prompt_len": 166.89934081596294,
    "output_len": 38.3888295029396
}