{
    "METEOR": 0.13851195721358522,
    "BLEURT": 0.3119008755090693,
    "prompt_len": 585.2483075004454,
    "output_len": 41.32037234990201
}