{
    "METEOR": 0.13946317910587014,
    "BLEURT": 0.3117625030278947,
    "prompt_len": 645.3874933190807,
    "output_len": 42.6327721361126
}