{
    "METEOR": 0.14335147349695013,
    "BLEURT": 0.3257287760027405,
    "prompt_len": 794.1848833066097,
    "output_len": 42.452832709780864
}