{
    "METEOR": 0.13087168068435376,
    "BLEURT": 0.3395494327211941,
    "prompt_len": 123.43987172634955,
    "output_len": 35.26826117940495
}