{
    "METEOR": 0.10640976174578824,
    "BLEURT": 0.25855245306303415,
    "prompt_len": 334.75089078923924,
    "output_len": 39.43029574202743
}