{
    "METEOR": 0.1352636290786173,
    "BLEURT": 0.309095492298784,
    "prompt_len": 337.9828077676822,
    "output_len": 37.43425975414217
}