{
    "METEOR": 0.13542076285904112,
    "BLEURT": 0.3071643282852983,
    "prompt_len": 424.90054338143597,
    "output_len": 37.258907892392656
}