{
    "METEOR": 0.07719469942342812,
    "BLEURT": 0.23592200187367912,
    "prompt_len": 689.4226349545697,
    "output_len": 78.73485658293248
}