{
    "METEOR": 0.12941345292226836,
    "BLEURT": 0.33565571102876673,
    "prompt_len": 247.07616247995728,
    "output_len": 37.41199002316052
}