{
    "METEOR": 0.13461865971628068,
    "BLEURT": 0.3377361255848066,
    "prompt_len": 264.22528059861037,
    "output_len": 51.836762871904504
}