{
    "METEOR": 0.11712192861162138,
    "BLEURT": 0.2699886565069299,
    "prompt_len": 786.3977819347942,
    "output_len": 50.480402636736144
}