{
    "METEOR": 0.12853953733406287,
    "BLEURT": 0.3322032625262148,
    "prompt_len": 277.14693568501696,
    "output_len": 39.8504810261892
}