{
    "METEOR": 0.1351012145455818,
    "BLEURT": 0.340427228825858,
    "prompt_len": 120.2747639408516,
    "output_len": 39.00204881525031
}