{
    "METEOR": 0.10501877417382975,
    "BLEURT": 0.2694384549350693,
    "prompt_len": 268.28825939782644,
    "output_len": 38.53384999109211
}