{
    "METEOR": 0.14443415482134897,
    "BLEURT": 0.3357787292169262,
    "prompt_len": 144.89145733119545,
    "output_len": 37.30834669517193
}