{
    "METEOR": 0.14087228936597387,
    "BLEURT": 0.31274261426876815,
    "prompt_len": 619.5446285408873,
    "output_len": 43.849545697487976
}