{
    "METEOR": 0.1275130137105569,
    "BLEURT": 0.33821478592516924,
    "prompt_len": 128.4861482273294,
    "output_len": 40.00276144664173
}