{
    "METEOR": 0.12416199912809692,
    "BLEURT": 0.3491494943750015,
    "prompt_len": 95.25489934081597,
    "output_len": 37.83417958311064
}