{
    "METEOR": 0.14750223644693417,
    "BLEURT": 0.3376509231403563,
    "prompt_len": 356.3856672011402,
    "output_len": 61.72372171744165
}