{
    "METEOR": 0.10610086689230856,
    "BLEURT": 0.26852159729964453,
    "prompt_len": 267.1008818813469,
    "output_len": 38.525164796009264
}