{
    "METEOR": 0.09946564444185728,
    "BLEURT": 0.31866509090155315,
    "prompt_len": 136.1016835916622,
    "output_len": 42.620033849991096
}