{
    "METEOR": 0.12595904653039255,
    "BLEURT": 0.3437496255831048,
    "prompt_len": 249.25988776055587,
    "output_len": 32.82077320505968
}