{
    "METEOR": 0.06991039672714813,
    "BLEURT": 0.20664037818262682,
    "prompt_len": 316.098298592553,
    "output_len": 64.32273294138606
}