{
    "METEOR": 0.11010668054378706,
    "BLEURT": 0.3743726499889722,
    "prompt_len": 52.22670586139319,
    "output_len": 34.152013183680744
}