{
    "METEOR": 0.11398381280291302,
    "BLEURT": 0.34310881272568944,
    "prompt_len": 284.76247104934976,
    "output_len": 31.749287368608588
}