{
    "METEOR": 0.11514863674413105,
    "BLEURT": 0.34084473527156905,
    "prompt_len": 271.9865490824871,
    "output_len": 32.97185106003919
}