{
    "METEOR": 0.11632547651575019,
    "BLEURT": 0.3435760746533627,
    "prompt_len": 270.8012649207198,
    "output_len": 32.986281845715304
}