{
    "METEOR": 0.12603788896781057,
    "BLEURT": 0.3425678153728554,
    "prompt_len": 396.6474256190985,
    "output_len": 38.23387671476929
}