{
    "METEOR": 0.11140612989799804,
    "BLEURT": 0.34509447667168336,
    "prompt_len": 105.77084446819883,
    "output_len": 30.687199358631748
}