{
    "METEOR": 0.12263104927975638,
    "BLEURT": 0.3439882669578617,
    "prompt_len": 264.56961517904864,
    "output_len": 34.99216105469446
}