{
    "METEOR": 0.12747717883871482,
    "BLEURT": 0.3149307760020591,
    "prompt_len": 327.6542846962409,
    "output_len": 35.84518083021557
}