{
    "METEOR": 0.11439745513622117,
    "BLEURT": 0.3039103790224342,
    "prompt_len": 786.3977819347942,
    "output_len": 34.3946641724568
}