{
    "METEOR": 0.09940730336086413,
    "BLEURT": 0.3054704588542414,
    "prompt_len": 359.8134241938357,
    "output_len": 39.07188669160876
}