{
    "METEOR": 0.1246093382456976,
    "BLEURT": 0.35029028187298994,
    "prompt_len": 133.36344200962054,
    "output_len": 32.26500979868163
}