{
    "METEOR": 0.11290836774636324,
    "BLEURT": 0.37686441356836214,
    "prompt_len": 107.63379654373774,
    "output_len": 30.836317477284876
}