{
    "METEOR": 0.11493097585754253,
    "BLEURT": 0.3477930616953757,
    "prompt_len": 131.05540709068234,
    "output_len": 31.04355959380011
}