{
    "METEOR": 0.11542404354796662,
    "BLEURT": 0.3454380519289916,
    "prompt_len": 254.69169784429005,
    "output_len": 30.89934081596294
}