{
    "METEOR": 0.12199103881857869,
    "BLEURT": 0.34451606182944655,
    "prompt_len": 243.7846962408694,
    "output_len": 36.034295385711744
}