{
    "METEOR": 0.11416381139130577,
    "BLEURT": 0.31921876591304904,
    "prompt_len": 764.1166488508819,
    "output_len": 32.50472118296811
}