{
    "METEOR": 0.12147919752586249,
    "BLEURT": 0.34050841935598847,
    "prompt_len": 271.84081596294317,
    "output_len": 36.86442187778372
}