{
    "METEOR": 0.123183757734823,
    "BLEURT": 0.31303997439860437,
    "prompt_len": 554.0417780153216,
    "output_len": 34.74772848743987
}