{
    "METEOR": 0.12814725163248167,
    "BLEURT": 0.34144689494326813,
    "prompt_len": 402.05393728843757,
    "output_len": 37.04200071263139
}