{
    "METEOR": 0.12665570480452681,
    "BLEURT": 0.31303654809952125,
    "prompt_len": 574.0391947265277,
    "output_len": 36.19811152681275
}