{
    "METEOR": 0.10047301298922245,
    "BLEURT": 0.29798879968618014,
    "prompt_len": 354.7561464457509,
    "output_len": 43.06271156244432
}