{
    "METEOR": 0.12350679690610152,
    "BLEURT": 0.3118998461874007,
    "prompt_len": 274.3919027258151,
    "output_len": 35.31150899697132
}