{
    "METEOR": 0.13162479692548554,
    "BLEURT": 0.33368595584340327,
    "prompt_len": 180.13842864778192,
    "output_len": 34.554828077676824
}