{
    "METEOR": 0.12376989021348424,
    "BLEURT": 0.3378441292359833,
    "prompt_len": 315.1362016746838,
    "output_len": 34.41840370568323
}