{
    "METEOR": 0.13994719848385626,
    "BLEURT": 0.354676712293071,
    "prompt_len": 784.1853287012293,
    "output_len": 43.430652057723144
}