{
    "METEOR": 0.12659916131010382,
    "BLEURT": 0.3467636969980498,
    "prompt_len": 177.286388740424,
    "output_len": 32.827899518973815
}