{
    "METEOR": 0.13022827939717688,
    "BLEURT": 0.34390947830981267,
    "prompt_len": 370.12092463923034,
    "output_len": 37.1075182611794
}