{
    "METEOR": 0.0738411152061591,
    "BLEURT": 0.21902974395941874,
    "prompt_len": 313.8829057544985,
    "output_len": 71.44196508106182
}