{
    "METEOR": 0.12311472802116272,
    "BLEURT": 0.31431159888869215,
    "prompt_len": 610.1488063424194,
    "output_len": 34.88602351683591
}