{
    "METEOR": 0.12758458440791084,
    "BLEURT": 0.377492587817954,
    "prompt_len": 144.89145733119545,
    "output_len": 36.58974701585605
}