{
    "METEOR": 0.12391553968895973,
    "BLEURT": 0.3476196897554457,
    "prompt_len": 308.8075004453946,
    "output_len": 37.43461606983788
}