{
    "METEOR": 0.10673556934443165,
    "BLEURT": 0.3484331187150832,
    "prompt_len": 103.95938001068947,
    "output_len": 34.68639764831641
}