{
    "METEOR": 0.1393585979856873,
    "BLEURT": 0.35497067006808936,
    "prompt_len": 135.7428736860859,
    "output_len": 36.034161767325855
}