{
    "METEOR": 0.1281031750703757,
    "BLEURT": 0.3479845782626754,
    "prompt_len": 364.3849545697488,
    "output_len": 38.197443434883304
}