{
    "METEOR": 0.10278556059103937,
    "BLEURT": 0.3241970158264548,
    "prompt_len": 325.23147158382324,
    "output_len": 42.88700338499911
}