{
    "METEOR": 0.1168077683066405,
    "BLEURT": 0.3540038922604166,
    "prompt_len": 110.87765009798682,
    "output_len": 31.589836094779972
}