{
    "METEOR": 0.12510516046660677,
    "BLEURT": 0.3213850582247799,
    "prompt_len": 277.28683413504365,
    "output_len": 34.59959023694994
}