{
    "METEOR": 0.10278479697519032,
    "BLEURT": 0.35855124715026077,
    "prompt_len": 102.27569926955283,
    "output_len": 35.63700338499911
}