{
    "METEOR": 0.11214048639010596,
    "BLEURT": 0.31660353067055086,
    "prompt_len": 339.1311241760199,
    "output_len": 32.552601104578656
}