{
    "METEOR": 0.12509869029780452,
    "BLEURT": 0.33513135201240124,
    "prompt_len": 622.5408872260823,
    "output_len": 34.21205237840727
}