{
    "METEOR": 0.12676207275115559,
    "BLEURT": 0.313828725319667,
    "prompt_len": 633.9812488865134,
    "output_len": 36.25062355246748
}