{
    "METEOR": 0.11439745513622114,
    "BLEURT": 0.30391037957926986,
    "prompt_len": 786.3977819347942,
    "output_len": 34.3946641724568
}