{
    "METEOR": 0.1030676104877249,
    "BLEURT": 0.35845128678810134,
    "prompt_len": 102.87043470514877,
    "output_len": 35.619632994833424
}