{
    "METEOR": 0.12549021593813012,
    "BLEURT": 0.31111556713952326,
    "prompt_len": 410.10003563156954,
    "output_len": 35.462408694102976
}