{
    "METEOR": 0.11907204758921505,
    "BLEURT": 0.3889709169397842,
    "prompt_len": 48.872572599323,
    "output_len": 31.407357919116336
}