{
    "METEOR": 0.10421566356731315,
    "BLEURT": 0.36286013303253234,
    "prompt_len": 257.5814626759309,
    "output_len": 37.532691965081064
}