{
    "METEOR": 0.13030822169530756,
    "BLEURT": 0.3196438203388074,
    "prompt_len": 415.804605380367,
    "output_len": 34.68564047746304
}