{
    "METEOR": 0.11107826292351801,
    "BLEURT": 0.3346691013607679,
    "prompt_len": 141.79975057901302,
    "output_len": 33.532647425619096
}