{
    "METEOR": 0.11761010493115372,
    "BLEURT": 0.33883380167134497,
    "prompt_len": 289.2308480313558,
    "output_len": 31.011847496882236
}