{
    "METEOR": 0.09123256589336151,
    "BLEURT": 0.27163095274598664,
    "prompt_len": 697.0367450561197,
    "output_len": 40.29979511847496
}