{
    "METEOR": 0.12445806462387701,
    "BLEURT": 0.34031452756503167,
    "prompt_len": 277.3144040619989,
    "output_len": 33.19659718510601
}