{
    "METEOR": 0.11556338793255362,
    "BLEURT": 0.3518078318979069,
    "prompt_len": 260.94637448779616,
    "output_len": 36.95399073579191
}