{
    "METEOR": 0.11919898144552737,
    "BLEURT": 0.3460786485078526,
    "prompt_len": 136.0626224835204,
    "output_len": 31.312043470514876
}