{
    "METEOR": 0.10408035804466441,
    "BLEURT": 0.3599635363461371,
    "prompt_len": 258.76884019241044,
    "output_len": 37.05193301264921
}