{
    "METEOR": 0.1194488574173273,
    "BLEURT": 0.34113859706610555,
    "prompt_len": 259.2586406556209,
    "output_len": 30.666889363976484
}