{
    "METEOR": 0.14114134831766223,
    "BLEURT": 0.33655226979495617,
    "prompt_len": 798.2935150543382,
    "output_len": 41.44000534473543
}