{
    "METEOR": 0.11573985561083144,
    "BLEURT": 0.3469170509823796,
    "prompt_len": 127.8902993051844,
    "output_len": 34.589257081774456
}