{
    "METEOR": 0.12717623954793997,
    "BLEURT": 0.3416726747954139,
    "prompt_len": 540.5878318189916,
    "output_len": 38.27948512381971
}