{
    "METEOR": 0.12126860557243366,
    "BLEURT": 0.3555109939116002,
    "prompt_len": 109.43034028148939,
    "output_len": 32.02382861215036
}