{
    "METEOR": 0.12497139210645593,
    "BLEURT": 0.3343863456670786,
    "prompt_len": 562.401701407447,
    "output_len": 34.120657402458576
}