{
    "METEOR": 0.12879535446726392,
    "BLEURT": 0.3102149704145027,
    "prompt_len": 322.2573935506859,
    "output_len": 36.00262782825583
}