{
    "METEOR": 0.12080357767108477,
    "BLEURT": 0.34746572235823153,
    "prompt_len": 171.811909852129,
    "output_len": 35.3002405130946
}