{
    "METEOR": 0.11234861388234403,
    "BLEURT": 0.3749950142730271,
    "prompt_len": 108.22750757170853,
    "output_len": 30.82424728309282
}