{
    "METEOR": 0.12723016297281528,
    "BLEURT": 0.3441141293195481,
    "prompt_len": 174.51487618029574,
    "output_len": 33.47412257259932
}