{
    "METEOR": 0.12738812551099638,
    "BLEURT": 0.33996204696310284,
    "prompt_len": 596.6980224478889,
    "output_len": 38.227596650632464
}