{
    "METEOR": 0.0777828676508837,
    "BLEURT": 0.22488991569468156,
    "prompt_len": 677.6377160163904,
    "output_len": 42.77957420274363
}